{"cameraMode":{"drawMode":0,"name":"Shaded","section":"Shading Mode"},"sceneLighting":false,"audioPlay":false,"sceneViewState":{"m_AlwaysRefresh":false,"showFog":true,"showSkybox":false,"showFlares":true,"showImageEffects":true,"showParticleSystems":true,"showVisualEffectGraphs":true,"m_FxEnabled":true},"in2DMode":false,"pivot":{"x":10.943218231201172,"y":0.6610576510429382,"z":9.104204177856446},"rotation":{"x":0.01676568202674389,"y":0.9316806793212891,"z":-0.36029332876205447,"w":0.04335443675518036},"size":5.287835121154785,"orthographic":true}